{
    "MRR": 0.4031708836555481,
    "Hits@1": 0.2477790482892075,
    "Hits@3": 0.4737443926466708,
    "Hits@10": 0.7474711935966224
}