{
    "MRR": 0.35280951857566833,
    "Hits@1": 0.16949599788899639,
    "Hits@3": 0.4386489576919694,
    "Hits@10": 0.7478230275310054
}