{
    "MRR": 0.36482173204421997,
    "Hits@1": 0.1789955141173366,
    "Hits@3": 0.4739203096138623,
    "Hits@10": 0.7508136159732606
}