{
    "MRR": 0.37329795956611633,
    "Hits@1": 0.20687835341718708,
    "Hits@3": 0.4423432140029906,
    "Hits@10": 0.7543319553170903
}