{
    "MRR": 0.3236658275127411,
    "Hits@1": 0.15427918022693288,
    "Hits@3": 0.4005629342950128,
    "Hits@10": 0.7150145131497933
}