{
    "MRR": 0.16342896223068237,
    "Hits@1": 0.06913536810625384,
    "Hits@3": 0.17169495997888998,
    "Hits@10": 0.36476383147154545
}