{
    "MRR": 0.3369629681110382,
    "Hits@1": 0.16386665493886884,
    "Hits@3": 0.4380332483067992,
    "Hits@10": 0.6803588706130707
}