{
    "MRR": 0.00012810704356525093,
    "Hits@1": 0.0,
    "Hits@3": 0.0,
    "Hits@10": 8.795848359574281e-05
}