{
    "MRR": 0.276223748922348,
    "Hits@1": 0.11768845105110388,
    "Hits@3": 0.32342334418154634,
    "Hits@10": 0.6482540241006245
}