{
    "MRR": 0.31159916520118713,
    "Hits@1": 0.15445509719412437,
    "Hits@3": 0.35491248130882225,
    "Hits@10": 0.6921453074149002
}