{
    "MRR": 0.18374831974506378,
    "Hits@1": 0.06799190781950919,
    "Hits@3": 0.20925323247427213,
    "Hits@10": 0.43011698478318233
}