{
    "MRR": 0.36865535378456116,
    "Hits@1": 0.19553170903333628,
    "Hits@3": 0.43900079162635236,
    "Hits@10": 0.7442167297035799
}