{
    "MRR": 0.39865362644195557,
    "Hits@1": 0.2379276981264843,
    "Hits@3": 0.4598469522385434,
    "Hits@10": 0.7605770076523881
}