{
    "MRR": 0.38702526688575745,
    "Hits@1": 0.22024804292374,
    "Hits@3": 0.4610783710088838,
    "Hits@10": 0.7521329932271967
}