{
    "MRR": 0.03974848613142967,
    "Hits@1": 0.0,
    "Hits@3": 0.013017855572169936,
    "Hits@10": 0.08901398539889173
}