{
    "MRR": 0.3678627908229828,
    "Hits@1": 0.19315682997625122,
    "Hits@3": 0.4382971237575864,
    "Hits@10": 0.7483507784325798
}