{
    "MRR": 0.4152769148349762,
    "Hits@1": 0.27126396340927084,
    "Hits@3": 0.47207318145835164,
    "Hits@10": 0.7452722315067288
}